

-------INSERT DATA TO DEPARTMENT-----
insert into Department (department_name, start_date) values ('Support','2022-07-16');
insert into Department (department_name, start_date) values ('Sales','2021-04-22');
insert into Department (department_name, start_date) values ('Human Resources','2020-04-01');
insert into Department (department_name, start_date) values ('Training','2019-10-28');
insert into Department (department_name, start_date) values ('Engineering','2020-03-03');
insert into Department (department_name, start_date) values ('Services','2020-07-10');
insert into Department (department_name, start_date) values ('Accounting','2019-04-11');
insert into Department (department_name, start_date) values ('Business Development','2019-05-01');
insert into Department (department_name, start_date) values ('Legal','2021-08-06');
insert into Department (department_name, start_date) values ('Research and Development','2021-07-01');



-----INSERT DATA TO department_location-----
insert into department_location(location, dept_id) values ('France',3);
insert into department_location(location, dept_id) values ('Russia',9);
insert into department_location(location, dept_id) values ('Russia',8);
insert into department_location(location, dept_id) values ('Azerbaijan',2);
insert into department_location(location, dept_id) values ('China',4);
insert into department_location(location, dept_id) values ('Indonesia',6);
insert into department_location(location, dept_id) values ('Mongolia',10);
insert into department_location(location, dept_id) values ('Uzbekistan',8);
insert into department_location(location, dept_id) values ('Croatia',5);
insert into department_location(location, dept_id) values ('Russia',10);
insert into department_location(location, dept_id) values ('Indonesia',8);




-----INSERT DATA INTO PROJECT-----
insert into Project (area, project_name, managed_department) values ('Wakayama-shi','Eare','5');
insert into Project (area, project_name, managed_department) values ('Riyom','Wordify','7');
insert into Project (area, project_name, managed_department) values ('Ayrihuanca','Pixonyx','10');
insert into Project (area, project_name, managed_department) values ('Arbais','Yakijo','3');
insert into Project (area, project_name, managed_department) values ('Savalou','Zoonoodle','4');
insert into Project (area, project_name, managed_department) values ('Yangshan','Voomm','9');
insert into Project (area, project_name, managed_department) values ('Cowansville','Reallinks','3');
insert into Project (area, project_name, managed_department) values ('Santo Domingo','Mymm','4');
insert into Project (area, project_name, managed_department) values ('Santa Monica','Skaboo','6');
insert into Project (area, project_name, managed_department) values ('Le Raincy','Zooveo','6');
insert into Project (area, project_name, managed_department) values ('Vrýses','Innojam','9');
insert into Project (area, project_name, managed_department) values ('Hinapalanan','Twitterlist','1');
insert into Project (area, project_name, managed_department) values ('Middelburg','Tagcat','8');
insert into Project (area, project_name, managed_department) values ('Metapán','Mynte','9');
insert into Project (area, project_name, managed_department) values ('Cochrane','Skippad','8');




-----INSERT DATA TO EMPLOYEE-----
INSERT INTO Employee (employee_id,date_of_birth,first_name,gender,last_name,middle_name,salary,dept_id) VALUES ('mlates0','1964-05-13','Candi','Female','Lates','Muire',1420.6,9);
INSERT INTO Employee (employee_id,date_of_birth,first_name,gender,last_name,middle_name,salary,dept_id) VALUES 	 ('bfairpo1','1984-10-13','Harper','Male','Fairpo','Bealle',2928.77,1);
INSERT INTO Employee (employee_id,date_of_birth,first_name,gender,last_name,middle_name,salary,dept_id) VALUES 	 ('deskriet2','1986-08-29','Taddeo','Male','Eskriet','Dietrich',2475.61,7);
INSERT INTO Employee (employee_id,date_of_birth,first_name,gender,last_name,middle_name,salary,dept_id) VALUES ('hmacclenan3','1953-03-05','Hill','Polygender','MacClenan','Harri',2004.85,10);
INSERT INTO Employee (employee_id,date_of_birth,first_name,gender,last_name,middle_name,salary,dept_id) VALUES 	 ('ajerram4','1971-08-11','Starlene','Female','Jerram','Anastassia',1853.34,10);
INSERT INTO Employee (employee_id,date_of_birth,first_name,gender,last_name,middle_name,salary,dept_id) VALUES 	 ('rmulhill5','1999-09-29','Igor','Male','Mulhill','Renado',1731.99,10);
INSERT INTO Employee (employee_id,date_of_birth,first_name,gender,last_name,middle_name,salary,dept_id) VALUES 	 ('bescala6','1962-11-23','Kellen','Male','Escala','Barris',1804.97,8);
INSERT INTO Employee (employee_id,date_of_birth,first_name,gender,last_name,middle_name,salary,dept_id) VALUES 	 ('suren7','1980-04-09','Emmott','Male','Uren','Sonnie',2581.03,2);
INSERT INTO Employee (employee_id,date_of_birth,first_name,gender,last_name,middle_name,salary,dept_id) VALUES 	 ('iinnis8','1970-10-13','Wilmer','Male','Innis','Iosep',3172.26,10);
INSERT INTO Employee (employee_id,date_of_birth,first_name,gender,last_name,middle_name,salary,dept_id) VALUES 	 ('cvinsen9','1998-04-22','Miner','Genderqueer','Vinsen','Carleen',3613.83,8);
INSERT INTO Employee (employee_id,date_of_birth,first_name,gender,last_name,middle_name,salary,dept_id) VALUES 	 ('etoffula','1966-03-01','Falkner','Male','Tofful','Elston',984.81,9);
INSERT INTO Employee (employee_id,date_of_birth,first_name,gender,last_name,middle_name,salary,dept_id) VALUES 	 ('mratcliffeb','1997-10-24','Frieda','Female','Ratcliffe','Merridie',3734.21,8);
INSERT INTO Employee (employee_id,date_of_birth,first_name,gender,last_name,middle_name,salary,dept_id) VALUES 	 ('hdodmanc','1999-06-02','Myrwyn','Male','Dodman','Heriberto',2066.72,7);
INSERT INTO Employee (employee_id,date_of_birth,first_name,gender,last_name,middle_name,salary,dept_id) VALUES 	 ('awinbornd','1989-12-19','Tore','Male','Winborn','Aguie',2614.83,10);
INSERT INTO Employee (employee_id,date_of_birth,first_name,gender,last_name,middle_name,salary,dept_id) VALUES 	 ('odonnellye','1972-08-09','Billy','Female','Donnelly','Onida',2499.51,2);
INSERT INTO Employee (employee_id,date_of_birth,first_name,gender,last_name,middle_name,salary,dept_id) VALUES 	 ('odiwellf','1989-12-23','Corina','Female','Diwell','Orelee',2947.25,1);
INSERT INTO Employee (employee_id,date_of_birth,first_name,gender,last_name,middle_name,salary,dept_id) VALUES 	 ('ddobrowlskig','1963-10-22','Sky','Male','Dobrowlski','Dennie',1619.52,3);
INSERT INTO Employee (employee_id,date_of_birth,first_name,gender,last_name,middle_name,salary,dept_id) VALUES 	 ('avidlerh','1954-09-09','Kristofor','Male','Vidler','Alejandro',1248.46,10);
INSERT INTO Employee (employee_id,date_of_birth,first_name,gender,last_name,middle_name,salary,dept_id) VALUES 	 ('rciccii','1981-12-06','Lyndel','Female','Cicci','Ryann',2650.39,5);
INSERT INTO Employee (employee_id,date_of_birth,first_name,gender,last_name,middle_name,salary,dept_id) VALUES 	 ('fgrabertj','1963-06-23','Garv','Male','Grabert','Fabian',2395.47,7);
INSERT INTO Employee (employee_id,date_of_birth,first_name,gender,last_name,middle_name,salary,dept_id) VALUES 	 ('spflegerk','1990-01-21','Tabb','Male','Pfleger','Staffard',3544.39,9);
INSERT INTO Employee (employee_id,date_of_birth,first_name,gender,last_name,middle_name,salary,dept_id) VALUES 	 ('doneilll','1993-05-28','Norina','Female','O''Neill','Dian',3007.01,4);
INSERT INTO Employee (employee_id,date_of_birth,first_name,gender,last_name,middle_name,salary,dept_id) VALUES 	 ('ogeorgievm','1998-10-21','Etti','Female','Georgiev','Odessa',2050.38,5);
INSERT INTO Employee (employee_id,date_of_birth,first_name,gender,last_name,middle_name,salary,dept_id) VALUES 	 ('jmushettn','1956-01-02','Zuzana','Female','Mushett','Jacki',2851.51,7);
INSERT INTO Employee (employee_id,date_of_birth,first_name,gender,last_name,middle_name,salary,dept_id) VALUES 	 ('eburgeno','1985-01-21','Gay','Female','Burgen','Edee',3679.9,7);
INSERT INTO Employee (employee_id,date_of_birth,first_name,gender,last_name,middle_name,salary,dept_id) VALUES 	 ('smittenp','1964-01-31','Zechariah','Male','Mitten','Skip',1061.81,6);
INSERT INTO Employee (employee_id,date_of_birth,first_name,gender,last_name,middle_name,salary,dept_id) VALUES 	 ('pcuttleq','1958-11-25','Garrot','Male','Cuttle','Peter',1041.57,4);
INSERT INTO Employee (employee_id,date_of_birth,first_name,gender,last_name,middle_name,salary,dept_id) VALUES 	 ('nimortr','1958-06-26','Martha','Female','Imort','Nataline',3892.38,2);
INSERT INTO Employee (employee_id,date_of_birth,first_name,gender,last_name,middle_name,salary,dept_id) VALUES 	 ('pwisedales','1977-07-14','Reinald','Male','Wisedale','Padgett',3300.0,9);
INSERT INTO Employee (employee_id,date_of_birth,first_name,gender,last_name,middle_name,salary,dept_id) VALUES 	 ('elafayettet','1953-12-12','Gay','Male','Lafayette','Everett',3568.65,5);



----INSERT DATA INTO relative-----
INSERT INTO "relative" (full_name,gender,phone_number,relationship,employee_id) VALUES	 ('Noah Boote','1','285-881-3811','daughter','mlates0');
INSERT INTO "relative" (full_name,gender,phone_number,relationship,employee_id) VALUES	 ('Gunter Moneti','0','661-707-8879','son','deskriet2');
INSERT INTO "relative" (full_name,gender,phone_number,relationship,employee_id) VALUES	 ('Dari Wragge','1','905-900-0317','wife','rmulhill5');
INSERT INTO "relative" (full_name,gender,phone_number,relationship,employee_id) VALUES	 ('Jodie Toomey','1','680-323-3489','daughter','cvinsen9');
INSERT INTO "relative" (full_name,gender,phone_number,relationship,employee_id) VALUES	 ('Violante Edwardson','0','285-601-7042','husband','suren7');
INSERT INTO "relative" (full_name,gender,phone_number,relationship,employee_id) VALUES	 ('Brynna McKeighen','1','838-755-7880','mother','etoffula');
INSERT INTO "relative" (full_name,gender,phone_number,relationship,employee_id) VALUES	 ('Tillie Nys','1','390-270-8356','mother','awinbornd');
INSERT INTO "relative" (full_name,gender,phone_number,relationship,employee_id) VALUES	 ('Melita Eaddy','1','657-792-8534','daughter','odiwellf');
INSERT INTO "relative" (full_name,gender,phone_number,relationship,employee_id) VALUES	 ('Larisa Van der Merwe','0','147-928-8342','son','avidlerh');
INSERT INTO "relative" (full_name,gender,phone_number,relationship,employee_id) VALUES	 ('Sylas Van der Merwe','1','546-166-7562','wife','fgrabertj');
INSERT INTO "relative" (full_name,gender,phone_number,relationship,employee_id) VALUES	 ('Suellen McCloy','0','400-276-9702','husband','spflegerk');
INSERT INTO "relative" (full_name,gender,phone_number,relationship,employee_id) VALUES	 ('Dilly Iacovazzi','0','806-909-1259','father','doneilll');
INSERT INTO "relative" (full_name,gender,phone_number,relationship,employee_id) VALUES	 ('Austin Sloam','1','634-301-6906','niece','jmushettn');
INSERT INTO "relative" (full_name,gender,phone_number,relationship,employee_id) VALUES	 ('Fara Cuckson','0','292-881-1666','nephew','ogeorgievm');
INSERT INTO "relative" (full_name,gender,phone_number,relationship,employee_id) VALUES	 ('Keene Albrooke','0','376-376-6297','son','pcuttleq');



-----INSERT DATA INTO ASSIGNMENT-----

INSERT INTO Assignment (number_of_hour,employee_id,project_id) VALUES	 (54.0,'mlates0',2);
INSERT INTO Assignment (number_of_hour,employee_id,project_id) VALUES	 (22.0,'deskriet2',3);
INSERT INTO Assignment (number_of_hour,employee_id,project_id) VALUES	 (31.0,'ajerram4',4);
INSERT INTO Assignment (number_of_hour,employee_id,project_id) VALUES	 (94.0,'rmulhill5',1);
INSERT INTO Assignment (number_of_hour,employee_id,project_id) VALUES	 (60.0,'bescala6',1);
INSERT INTO Assignment (number_of_hour,employee_id,project_id) VALUES	 (21.0,'suren7',6);
INSERT INTO Assignment (number_of_hour,employee_id,project_id) VALUES	 (64.0,'cvinsen9',8);
INSERT INTO Assignment (number_of_hour,employee_id,project_id) VALUES	 (96.0,'mratcliffeb',7);
INSERT INTO Assignment (number_of_hour,employee_id,project_id) VALUES	 (62.0,'hdodmanc',5);
INSERT INTO Assignment (number_of_hour,employee_id,project_id) VALUES	 (73.0,'awinbornd',9);
INSERT INTO Assignment (number_of_hour,employee_id,project_id) VALUES	 (93.0,'odonnellye',10);
INSERT INTO Assignment (number_of_hour,employee_id,project_id) VALUES	 (40.0,'odiwellf',14);
INSERT INTO Assignment (number_of_hour,employee_id,project_id) VALUES	 (43.0,'avidlerh',12);
INSERT INTO Assignment (number_of_hour,employee_id,project_id) VALUES	 (41.0,'rciccii',13);
INSERT INTO Assignment (number_of_hour,employee_id,project_id) VALUES	 (27.0,'fgrabertj',15);
INSERT INTO Assignment (number_of_hour,employee_id,project_id) VALUES	 (31.0,'doneilll',1);
INSERT INTO Assignment (number_of_hour,employee_id,project_id) VALUES	 (93.0,'ogeorgievm',3);
INSERT INTO Assignment (number_of_hour,employee_id,project_id) VALUES	 (51.0,'jmushettn',5);
INSERT INTO Assignment (number_of_hour,employee_id,project_id) VALUES	 (13.0,'smittenp',7);
INSERT INTO Assignment (number_of_hour,employee_id,project_id) VALUES	 (19.0,'nimortr',9);

